{"Arm": {"edges": [[0, 1], [1, 2], [2, 3], [3, 4], [4, 5], [5, 6], [6, 7], [7, 8], [8, 9], [9, 10], [10, 11], [11, 12], [12, 13], [13, 14], [14, 15], [15, 16], [16, 17], [17, 18], [18, 19], [19, 20], [20, 21], [21, 22], [22, 23], [23, 24], [24, 25], [25, 26], [26, 27], [27, 28], [28, 29], [29, 30], [30, 31], [0, 31], [32, 33]], "vertices": [[0.25, 0.5, 0.0], [0.24519631266593933, 0.5, 0.04877258092164993], [0.2309698760509491, 0.5, 0.09567085653543472], [0.20786739885807037, 0.5, 0.13889256119728088], [0.1767766922712326, 0.5, 0.1767766922712326], [0.13889256119728088, 0.5, 0.20786739885807037], [0.09567085653543472, 0.5, 0.2309698760509491], [0.04877258092164993, 0.5, 0.24519631266593933], [1.5308085657314598e-17, 0.5, 0.25], [-0.04877258092164993, 0.5, 0.24519631266593933], [-0.09567085653543472, 0.5, 0.2309698760509491], [-0.13889256119728088, 0.5, 0.20786739885807037], [-0.1767766922712326, 0.5, 0.1767766922712326], [-0.20786739885807037, 0.5, 0.13889256119728088], [-0.2309698760509491, 0.5, 0.09567085653543472], [-0.24519631266593933, 0.5, 0.04877258092164993], [-0.25, 0.5, 3.0616171314629196e-17], [-0.24519631266593933, 0.5, -0.04877258092164993], [-0.2309698760509491, 0.5, -0.09567085653543472], [-0.20786739885807037, 0.5, -0.13889256119728088], [-0.1767766922712326, 0.5, -0.1767766922712326], [-0.13889256119728088, 0.5, -0.20786739885807037], [-0.09567085653543472, 0.5, -0.2309698760509491], [-0.04877258092164993, 0.5, -0.24519631266593933], [-4.5924253663221344e-17, 0.5, -0.25], [0.04877258092164993, 0.5, -0.24519631266593933], [0.09567085653543472, 0.5, -0.2309698760509491], [0.13889256119728088, 0.5, -0.20786739885807037], [0.1767766922712326, 0.5, -0.1767766922712326], [0.20786739885807037, 0.5, -0.13889256119728088], [0.2309698760509491, 0.5, -0.09567085653543472], [0.24519631266593933, 0.5, -0.04877258092164993], [0.0, 0.0, 0.0], [0.0, 1.0, 0.0]], "faces": []}, "Root": {"edges": [[0, 4], [1, 5], [2, 6], [3, 7], [4, 8], [5, 9], [6, 10], [7, 11], [8, 12], [9, 13], [10, 14], [11, 15], [16, 20], [17, 21], [18, 22], [19, 23], [20, 24], [21, 25], [22, 26], [23, 27], [0, 24], [1, 25], [2, 26], [3, 27], [16, 28], [17, 29], [18, 30], [19, 31], [12, 32], [13, 33], [14, 34], [15, 35], [28, 36], [29, 37], [30, 38], [31, 39], [32, 40], [33, 41], [34, 42], [35, 43], [36, 44], [37, 45], [38, 44], [39, 45], [40, 46], [41, 46], [42, 47], [43, 47]], "vertices": [[0.22367171943187714, 0.2236718088388443, 0.0], [0.22367171943187714, -0.2236718088388443, 0.0], [-0.22367171943187714, 0.2236718088388443, 0.0], [-0.22367171943187714, -0.2236718088388443, 0.0], [0.2630101442337036, 0.17573779821395874, 0.0], [0.2630101442337036, -0.17573779821395874, 0.0], [-0.2630101442337036, 0.17573779821395874, 0.0], [-0.2630101442337036, -0.17573779821395874, 0.0], [0.2922411859035492, 0.12105030566453934, 0.0], [0.2922411859035492, -0.12105030566453934, 0.0], [-0.2922411859035492, 0.12105030566453934, 0.0], [-0.2922411859035492, -0.12105030566453934, 0.0], [0.31024158000946045, 0.06171092391014099, 0.0], [0.31024158000946045, -0.06171092391014099, 0.0], [-0.31024158000946045, 0.06171092391014099, 0.0], [-0.31024158000946045, -0.06171092391014099, 0.0], [0.06171141192317009, 0.31024160981178284, 0.0], [0.06171141192317009, -0.31024160981178284, 0.0], [-0.06171141192317009, 0.31024160981178284, 0.0], [-0.06171141192317009, -0.31024160981178284, 0.0], [0.12105078250169754, 0.29224109649658203, 0.0], [0.12105078250169754, -0.29224109649658203, 0.0], [-0.12105078250169754, 0.29224109649658203, 0.0], [-0.12105078250169754, -0.29224109649658203, 0.0], [0.17573824524879456, 0.2630099058151245, 0.0], [0.17573824524879456, -0.2630099058151245, 0.0], [-0.17573824524879456, 0.2630099058151245, 0.0], [-0.17573824524879456, -0.2630099058151245, 0.0], [0.06171141192317009, 0.40513747930526733, 0.0], [0.06171141192317009, -0.40513747930526733, 0.0], [-0.06171141192317009, 0.40513747930526733, 0.0], [-0.06171141192317009, -0.40513747930526733, 0.0], [0.40513747930526733, 0.06171092391014099, 0.0], [0.40513747930526733, -0.06171092391014099, 0.0], [-0.40513747930526733, 0.06171092391014099, 0.0], [-0.40513747930526733, -0.06171092391014099, 0.0], [0.12497533112764359, 0.40513747930526733, 0.0], [0.12497533112764359, -0.40513747930526733, 0.0], [-0.12497533112764359, 0.40513747930526733, 0.0], [-0.12497533112764359, -0.40513747930526733, 0.0], [0.40513747930526733, 0.12497486174106598, 0.0], [0.40513747930526733, -0.12497486174106598, 0.0], [-0.40513747930526733, 0.12497486174106598, 0.0], [-0.40513747930526733, -0.12497486174106598, 0.0], [0.0, 0.500033438205719, 0.0], [0.0, -0.500033438205719, 0.0], [0.5000333189964294, 0.0, 0.0], [-0.5000333189964294, 0.0, 0.0]], "faces": []}, "Sphere": {"edges": [[0, 1], [1, 2], [2, 3], [3, 4], [4, 5], [5, 6], [6, 7], [7, 8], [8, 9], [9, 10], [10, 11], [11, 12], [12, 13], [13, 14], [14, 15], [15, 16], [16, 17], [17, 18], [18, 19], [19, 20], [20, 21], [21, 22], [22, 23], [0, 23], [24, 25], [25, 26], [26, 27], [27, 28], [28, 29], [29, 30], [30, 31], [31, 32], [32, 33], [33, 34], [34, 35], [35, 36], [36, 37], [37, 38], [38, 39], [39, 40], [40, 41], [41, 42], [42, 43], [43, 44], [44, 45], [45, 46], [46, 47], [24, 47], [48, 49], [49, 50], [50, 51], [51, 52], [52, 53], [53, 54], [54, 55], [55, 56], [56, 57], [57, 58], [58, 59], [59, 60], [60, 61], [61, 62], [62, 63], [63, 64], [64, 65], [65, 66], [66, 67], [67, 68], [68, 69], [69, 70], [70, 71], [48, 71]],